"author","comment","commentsCount","pageUrl","replyCount","title","type","videoID","voteCount"
"@Mahidin.s-6727","Ada apa pake topeng kurang nyaman kenapa mukanya tuh..emang nya bopeng y","1208","https://youtu.be/2EYA2kxtSDM?si=zqUP4Tg1aopsrwHs","0","Perhatikan ini Sebelum Anda Membeli BYD ATTO 1 | First Drive","comment",,"0"
"@NuhAbdullah-r2h","Wowww...","1208","https://youtu.be/2EYA2kxtSDM?si=zqUP4Tg1aopsrwHs","0","Perhatikan ini Sebelum Anda Membeli BYD ATTO 1 | First Drive","comment",,"0"
"@ridwannaq","Klo dikasi pilihan mending brio atau ini? Untuk mobil pertama daily","1208","https://youtu.be/2EYA2kxtSDM?si=zqUP4Tg1aopsrwHs","0","Perhatikan ini Sebelum Anda Membeli BYD ATTO 1 | First Drive","comment",,"0"
"@ogerep2877","tolong yg mau beli ini, pikir masak2, tau sendiri lah","1208","https://youtu.be/2EYA2kxtSDM?si=zqUP4Tg1aopsrwHs","0","Perhatikan ini Sebelum Anda Membeli BYD ATTO 1 | First Drive","comment",,"0"
"@Bos93-l1k","Kecepatan maksimal hanya 100km😂","1208","https://youtu.be/2EYA2kxtSDM?si=zqUP4Tg1aopsrwHs","0","Perhatikan ini Sebelum Anda Membeli BYD ATTO 1 | First Drive","comment",,"0"
"@muhammadcaesario9163","""Ayo genduk masuk"" kwkwkwkw 🤣🤣🤣🤣","1208","https://youtu.be/2EYA2kxtSDM?si=zqUP4Tg1aopsrwHs","0","Perhatikan ini Sebelum Anda Membeli BYD ATTO 1 | First Drive","comment",,"0"
"@tiktokreview1115","Tai BYD. Baru ambil ayla beberapa bulan lalu, eh sebulan kemudian keluar ginian. Seketika hati hancur wkwkwk","1208","https://youtu.be/2EYA2kxtSDM?si=zqUP4Tg1aopsrwHs","0","Perhatikan ini Sebelum Anda Membeli BYD ATTO 1 | First Drive","comment",,"0"
"@dharmasatya3265","Interiornya bagus di kelasnya","1208","https://youtu.be/2EYA2kxtSDM?si=zqUP4Tg1aopsrwHs","0","Perhatikan ini Sebelum Anda Membeli BYD ATTO 1 | First Drive","comment",,"0"
"@moncimoov","BYD atto 1 indonesia depanny jelek bgt banding yg facelift di oz and negara laennya","1208","https://youtu.be/2EYA2kxtSDM?si=zqUP4Tg1aopsrwHs","0","Perhatikan ini Sebelum Anda Membeli BYD ATTO 1 | First Drive","comment",,"0"
"@kevinwangg","UNTUK JDI TAXI ONLINE OK GA TEMAN""?","1208","https://youtu.be/2EYA2kxtSDM?si=zqUP4Tg1aopsrwHs","0","Perhatikan ini Sebelum Anda Membeli BYD ATTO 1 | First Drive","comment",,"0"
"@eloraedu340","Pengennnn beli byd","1208","https://youtu.be/2EYA2kxtSDM?si=zqUP4Tg1aopsrwHs","0","Perhatikan ini Sebelum Anda Membeli BYD ATTO 1 | First Drive","comment",,"0"
"@SeptianTian-u7o","Gw salah 1 pemake ev baru 2 tahun batre kmbung harga y harga 1 mobil japan..biaya lustrik jadi mahal baiaya paaang carging jga mahal.prawatannya mahal juga..gw skrng kmbali pake bensin klw di hitung sama aja gak ada beda mobil listrik dan bensin malah gw rasa masih aman dan awet bensin..kapok pake ev.beli 400 jta gw jual 150 jta","1208","https://youtu.be/2EYA2kxtSDM?si=zqUP4Tg1aopsrwHs","0","Perhatikan ini Sebelum Anda Membeli BYD ATTO 1 | First Drive","comment",,"0"
"@SinarFitri26","LIAT CHANEL ORANG ARAB SI JOE  mainm ke pabrikan byd pantes elonmas ketakutan","1208","https://youtu.be/2EYA2kxtSDM?si=zqUP4Tg1aopsrwHs","0","Perhatikan ini Sebelum Anda Membeli BYD ATTO 1 | First Drive","comment",,"0"
"@BossGenitchanel","Kalo di tanjakan kuat gak nih?🤔🤔","1208","https://youtu.be/2EYA2kxtSDM?si=zqUP4Tg1aopsrwHs","0","Perhatikan ini Sebelum Anda Membeli BYD ATTO 1 | First Drive","comment",,"0"
"@alingkarina2979","thank you for sharing!","1208","https://youtu.be/2EYA2kxtSDM?si=zqUP4Tg1aopsrwHs","0","Perhatikan ini Sebelum Anda Membeli BYD ATTO 1 | First Drive","comment",,"0"
"@kumis_tipis9100","Kita se-Indonesia pengen nyobain 😂","1208","https://youtu.be/2EYA2kxtSDM?si=zqUP4Tg1aopsrwHs","0","Perhatikan ini Sebelum Anda Membeli BYD ATTO 1 | First Drive","comment",,"0"
"@Optiksuryacorp","ganti om topengnya udah mulai buluk","1208","https://youtu.be/2EYA2kxtSDM?si=zqUP4Tg1aopsrwHs","0","Perhatikan ini Sebelum Anda Membeli BYD ATTO 1 | First Drive","comment",,"0"
"@Mr.Pasundan","Mobil Tamiya yg jadi kenyataan 😂","1208","https://youtu.be/2EYA2kxtSDM?si=zqUP4Tg1aopsrwHs","0","Perhatikan ini Sebelum Anda Membeli BYD ATTO 1 | First Drive","comment",,"0"
"@bagassetiawan436","Nunggu kalau kecelakaan bisa lari dulu baru tertarik. Di pusatnya pada balik ke hybrid","1208","https://youtu.be/2EYA2kxtSDM?si=zqUP4Tg1aopsrwHs","0","Perhatikan ini Sebelum Anda Membeli BYD ATTO 1 | First Drive","comment",,"0"
"@salmawatiKp-Salmawati","LCGC Toyota pasti diskon besar ini...
Terutama Wuling langsung diskon 100 jt","1208","https://youtu.be/2EYA2kxtSDM?si=zqUP4Tg1aopsrwHs","0","Perhatikan ini Sebelum Anda Membeli BYD ATTO 1 | First Drive","comment",,"0"
"@ezaezagon4592","Pastikan sebelum beli mobil ini hrs punya garasi dl ya biar ga parkir di jalanan milik umum 😅","1208","https://youtu.be/2EYA2kxtSDM?si=zqUP4Tg1aopsrwHs","0","Perhatikan ini Sebelum Anda Membeli BYD ATTO 1 | First Drive","comment",,"0"
"@masnurulhadi7304","BPKB nya klu di gadein laku gk bang😮😮","1208","https://youtu.be/2EYA2kxtSDM?si=zqUP4Tg1aopsrwHs","0","Perhatikan ini Sebelum Anda Membeli BYD ATTO 1 | First Drive","comment",,"0"
"@galihimawan3566","topeng di bagian mulud berlubang om","1208","https://youtu.be/2EYA2kxtSDM?si=zqUP4Tg1aopsrwHs","0","Perhatikan ini Sebelum Anda Membeli BYD ATTO 1 | First Drive","comment",,"0"
"@rodimuce","Mau gimana pun jilat mobil ic, teknologi semakin maju. Mau ga mau nanti juga pada nerima mobil listrik. Banyak perusahaan gede yg menolak teknologi dan akhirnya bangkrut. Contohnya nokia sama blackberry","1208","https://youtu.be/2EYA2kxtSDM?si=zqUP4Tg1aopsrwHs","0","Perhatikan ini Sebelum Anda Membeli BYD ATTO 1 | First Drive","comment",,"1"
"@agungpurwito557","jazz EV","1208","https://youtu.be/2EYA2kxtSDM?si=zqUP4Tg1aopsrwHs","0","Perhatikan ini Sebelum Anda Membeli BYD ATTO 1 | First Drive","comment",,"0"
"@GrandZero-r6g","yang penting  review Stop and Go di Jalur Puncak, di kemiringan  30,8 derajat hingga 59,1. kuat gak motornya?","1208","https://youtu.be/2EYA2kxtSDM?si=zqUP4Tg1aopsrwHs","0","Perhatikan ini Sebelum Anda Membeli BYD ATTO 1 | First Drive","comment",,"0"
"@MuchromJ","Kenapa harus lampu depannya Lambo sih ?🙄","1208","https://youtu.be/2EYA2kxtSDM?si=zqUP4Tg1aopsrwHs","0","Perhatikan ini Sebelum Anda Membeli BYD ATTO 1 | First Drive","comment",,"0"
"@nasirsupendi3655","Design Model chasisnya ternyata simple banget ya Mantesan harganya lebih terjangkau di banding mobil brand lain","1208","https://youtu.be/2EYA2kxtSDM?si=zqUP4Tg1aopsrwHs","0","Perhatikan ini Sebelum Anda Membeli BYD ATTO 1 | First Drive","comment",,"0"
"@yucusolo7512","Bagus sekali.. pesan satu Acchh ..","1208","https://youtu.be/2EYA2kxtSDM?si=zqUP4Tg1aopsrwHs","0","Perhatikan ini Sebelum Anda Membeli BYD ATTO 1 | First Drive","comment",,"0"
"@daengphabote9246","Info donk klo misalkan ganti batrai kisaran berapa mobil listrik kaya gitu","1208","https://youtu.be/2EYA2kxtSDM?si=zqUP4Tg1aopsrwHs","0","Perhatikan ini Sebelum Anda Membeli BYD ATTO 1 | First Drive","comment",,"0"
"@mr.heidythebootsmusicenter5107","Nunggu bekasnya menareeekkk nihhh...","1208","https://youtu.be/2EYA2kxtSDM?si=zqUP4Tg1aopsrwHs","0","Perhatikan ini Sebelum Anda Membeli BYD ATTO 1 | First Drive","comment",,"0"
"@kyukyu5241","Kendaraan listrik sangat2 merusak alam","1208","https://youtu.be/2EYA2kxtSDM?si=zqUP4Tg1aopsrwHs","0","Perhatikan ini Sebelum Anda Membeli BYD ATTO 1 | First Drive","comment",,"0"
"@FaturRahman-nl3fw","Siap2 mobil listrik akan berakhir di madura😂","1208","https://youtu.be/2EYA2kxtSDM?si=zqUP4Tg1aopsrwHs","0","Perhatikan ini Sebelum Anda Membeli BYD ATTO 1 | First Drive","comment",,"0"
"@RahmatSyam-m4z","1:58 se ngos ngosan itukah bapak yg pegang kamera. Kedengeran banget pas pake headset. 🤣🤣","1208","https://youtu.be/2EYA2kxtSDM?si=zqUP4Tg1aopsrwHs","0","Perhatikan ini Sebelum Anda Membeli BYD ATTO 1 | First Drive","comment",,"1"
"@annisa_mosa","Merk T udh byk iklan. Coba deh meraba kekurangan. Mgkn hrg trklu tnggi. Selain itu cb dlht lg kl nerima karyawan jgn hny fanatik ke satu suku aja, suku lainnya dianggap tdk bgs. Dzalim tau namanya T. Untuk abangnya sukses selalu channel nya","1208","https://youtu.be/2EYA2kxtSDM?si=zqUP4Tg1aopsrwHs","0","Perhatikan ini Sebelum Anda Membeli BYD ATTO 1 | First Drive","comment",,"0"
"@s.a.romadhaniputra361","kmrn lihat M6, Denza, Chery, waduhh kok mevvvaaahh sekalii lihatnya..","1208","https://youtu.be/2EYA2kxtSDM?si=zqUP4Tg1aopsrwHs","0","Perhatikan ini Sebelum Anda Membeli BYD ATTO 1 | First Drive","comment",,"0"
"@VanilaSeven","Semoga byd bneran bagus😊😊","1208","https://youtu.be/2EYA2kxtSDM?si=zqUP4Tg1aopsrwHs","0","Perhatikan ini Sebelum Anda Membeli BYD ATTO 1 | First Drive","comment",,"0"
"@yeriarifan6086","kelemahan nya ya kalo batere modar kudu siap duit besar buat gantiin nya atau jadi rongsokan...😂😂
mobil mesin punya duit 100rb bisa isi bensin jalan""
EV batere rusak auto mangkrak kalo ga siap duit buat gantiin.","1208","https://youtu.be/2EYA2kxtSDM?si=zqUP4Tg1aopsrwHs","0","Perhatikan ini Sebelum Anda Membeli BYD ATTO 1 | First Drive","comment",,"0"
"@denny2196","murah amat... tuker sama hp vivo seken bisa gak nih?","1208","https://youtu.be/2EYA2kxtSDM?si=zqUP4Tg1aopsrwHs","0","Perhatikan ini Sebelum Anda Membeli BYD ATTO 1 | First Drive","comment",,"0"
"@cryptonite888","mau beli tkt harg jual anjlog","1208","https://youtu.be/2EYA2kxtSDM?si=zqUP4Tg1aopsrwHs","0","Perhatikan ini Sebelum Anda Membeli BYD ATTO 1 | First Drive","comment",,"0"
"@nurburgringkid","Kalau Toyota, Honda, Suzuki mau survive, ya keluarkan full EV car lah harga sama. Ga usah ribet","1208","https://youtu.be/2EYA2kxtSDM?si=zqUP4Tg1aopsrwHs","0","Perhatikan ini Sebelum Anda Membeli BYD ATTO 1 | First Drive","comment",,"0"
"@RMDYMOTIVATIONAL","Idaman supir grab ini 😂","1208","https://youtu.be/2EYA2kxtSDM?si=zqUP4Tg1aopsrwHs","0","Perhatikan ini Sebelum Anda Membeli BYD ATTO 1 | First Drive","comment",,"0"
"@Jojojo1313","lucu mabok om gendut pagi"" mobil biru 😂","1208","https://youtu.be/2EYA2kxtSDM?si=zqUP4Tg1aopsrwHs","0","Perhatikan ini Sebelum Anda Membeli BYD ATTO 1 | First Drive","comment",,"0"
"@kokohsetiawan2494","Klo Bikin model jeep...mirip2 jimny....sepertinya ok juga ni..
Apa lagi klo harga nya di bawah  LCGC","1208","https://youtu.be/2EYA2kxtSDM?si=zqUP4Tg1aopsrwHs","0","Perhatikan ini Sebelum Anda Membeli BYD ATTO 1 | First Drive","comment",,"0"
"@abdeenagara45","Byd keren bener..murah lagi..pabrikan jepang ketar ketir..","1208","https://youtu.be/2EYA2kxtSDM?si=zqUP4Tg1aopsrwHs","0","Perhatikan ini Sebelum Anda Membeli BYD ATTO 1 | First Drive","comment",,"0"
"@edvansrahmad","5:48 ""gak minum apa2 kok macbook 🤣""","1208","https://youtu.be/2EYA2kxtSDM?si=zqUP4Tg1aopsrwHs","0","Perhatikan ini Sebelum Anda Membeli BYD ATTO 1 | First Drive","comment",,"1"
"@SuluhPandu","pada bilang spam iklan , saya ga relate soalnya youtube premium wuahahaha","1208","https://youtu.be/2EYA2kxtSDM?si=zqUP4Tg1aopsrwHs","0","Perhatikan ini Sebelum Anda Membeli BYD ATTO 1 | First Drive","comment",,"0"
"@lenovoy550","Toyota iklan terus,
Bukan nurunin harga, upgrade

Salah startegi krn tetep KEMAHALAN","1208","https://youtu.be/2EYA2kxtSDM?si=zqUP4Tg1aopsrwHs","0","Perhatikan ini Sebelum Anda Membeli BYD ATTO 1 | First Drive","comment",,"0"
"@teguhbersamayesus2888","Lemah harganya. Apalagi bekasnya.","1208","https://youtu.be/2EYA2kxtSDM?si=zqUP4Tg1aopsrwHs","0","Perhatikan ini Sebelum Anda Membeli BYD ATTO 1 | First Drive","comment",,"0"
"@Heipooo","Suspensi parah ngayunnya, kurang firm. Akselerasi lemot, ga natural, harus sport mode baru mendingan. Interior cheap build plastic feeling. Bagasi super kecil. Cmn bs 2 small size baggage. Utk harian bolak balik ke pasar sama mobil pertama buat anak yah masi ok lah. Mendingan mikir 2x buat beli ini.","1208","https://youtu.be/2EYA2kxtSDM?si=zqUP4Tg1aopsrwHs","0","Perhatikan ini Sebelum Anda Membeli BYD ATTO 1 | First Drive","comment",,"0"
"@igom76","Rasakan mobil jepunn classs 100-200jtann OVERPRICEEE...! sdhi monopoli,....#awas ky nokia&blackberry,...!👊👌","1208","https://youtu.be/2EYA2kxtSDM?si=zqUP4Tg1aopsrwHs","0","Perhatikan ini Sebelum Anda Membeli BYD ATTO 1 | First Drive","comment",,"0"
"@jardul3833","Listrik goblog","1208","https://youtu.be/2EYA2kxtSDM?si=zqUP4Tg1aopsrwHs","0","Perhatikan ini Sebelum Anda Membeli BYD ATTO 1 | First Drive","comment",,"0"
"@fitrasyahnurm","Good Job BYD.... Bagus strateginya...kereen... dari awal memang sudah diprediksi akan ada mobil BYD yang harganya relatif murah... ternyata keluar Atto 1 ini.... tadi saya cek ke dealer BYD, ternyata ukuran aslinya tidak sekecil yang dibayangkan.. ini lebih besar dari mobil LCGC dan tentunya ini mobil listrik.... yuuuk... Brand lain juga ditunggu inovasi, strategi dan penurunan harganya...hehe...Game Changernya udah hadir nih...BYD Atto 1","1208","https://youtu.be/2EYA2kxtSDM?si=zqUP4Tg1aopsrwHs","0","Perhatikan ini Sebelum Anda Membeli BYD ATTO 1 | First Drive","comment",,"0"
"@andhararr","Engap banget ngeliat bagian dalem jadinya😅","1208","https://youtu.be/2EYA2kxtSDM?si=zqUP4Tg1aopsrwHs","0","Perhatikan ini Sebelum Anda Membeli BYD ATTO 1 | First Drive","comment",,"0"
"@JareSopo-zr8gs","𝘽𝙤𝙙𝙮 𝙣𝙮𝙖 𝙠𝙚𝙧𝙚𝙣𝙣 𝙗𝙖𝙣𝙜𝙚𝙩 𝙨𝙚𝙠𝙨𝙞 𝙠𝙖𝙮𝙖𝙠 𝙘𝙞𝙬𝙞² 𝙗𝙖𝙝𝙚𝙣𝙤𝙡😅😅","1208","https://youtu.be/2EYA2kxtSDM?si=zqUP4Tg1aopsrwHs","0","Perhatikan ini Sebelum Anda Membeli BYD ATTO 1 | First Drive","comment",,"0"
"@jazzjazz3190","kasihan om gendut selalu kena bully...😂😂😂","1208","https://youtu.be/2EYA2kxtSDM?si=zqUP4Tg1aopsrwHs","0","Perhatikan ini Sebelum Anda Membeli BYD ATTO 1 | First Drive","comment",,"0"
"@benikris77","Jam 10 pagi terlalu pagi ya om 😅😅","1208","https://youtu.be/2EYA2kxtSDM?si=zqUP4Tg1aopsrwHs","0","Perhatikan ini Sebelum Anda Membeli BYD ATTO 1 | First Drive","comment",,"0"
"@PancaLucky","Jgn dicopot topengnye
Gantengan gitu😅😂","1208","https://youtu.be/2EYA2kxtSDM?si=zqUP4Tg1aopsrwHs","0","Perhatikan ini Sebelum Anda Membeli BYD ATTO 1 | First Drive","comment",,"1"
"@riki3930","Nunggu pabrik byd jadi di karawang, pasti harganya mangkin gila2 an 🤣","1208","https://youtu.be/2EYA2kxtSDM?si=zqUP4Tg1aopsrwHs","0","Perhatikan ini Sebelum Anda Membeli BYD ATTO 1 | First Drive","comment",,"0"
"@setio5573","Mulai","1208","https://youtu.be/2EYA2kxtSDM?si=zqUP4Tg1aopsrwHs","0","Perhatikan ini Sebelum Anda Membeli BYD ATTO 1 | First Drive","comment",,"0"
"@tauhidtauhidan6950","ketar ketir lah para mafia japan yg jual mobil overprice itu","1208","https://youtu.be/2EYA2kxtSDM?si=zqUP4Tg1aopsrwHs","0","Perhatikan ini Sebelum Anda Membeli BYD ATTO 1 | First Drive","comment",,"0"
"@Ayudewikreator","Tenaga listrik umurnya tidK panjang","1208","https://youtu.be/2EYA2kxtSDM?si=zqUP4Tg1aopsrwHs","0","Perhatikan ini Sebelum Anda Membeli BYD ATTO 1 | First Drive","comment",,"0"
"@yongkiprayogaaa","Kenapa ya di gue gak ada iklan toyota ?","1208","https://youtu.be/2EYA2kxtSDM?si=zqUP4Tg1aopsrwHs","1","Perhatikan ini Sebelum Anda Membeli BYD ATTO 1 | First Drive","comment",,"0"
"@ahmad35609","ngliat om gendut engap banget kayaknya 😆, sehat-sehat om gendut","1208","https://youtu.be/2EYA2kxtSDM?si=zqUP4Tg1aopsrwHs","0","Perhatikan ini Sebelum Anda Membeli BYD ATTO 1 | First Drive","comment",,"0"
"@pancaestikalbar","saatnya banyak pilihan, harga mobil mulai berbenah, semakin murah.","1208","https://youtu.be/2EYA2kxtSDM?si=zqUP4Tg1aopsrwHs","0","Perhatikan ini Sebelum Anda Membeli BYD ATTO 1 | First Drive","comment",,"0"
"@nellsonason7311","Jelasin jg mengenai harga battreynya om ...kita tau ada garansi battrey..tapi jika apes terjadi masalah pada battrey kita punya budget untk menggantinya😅","1208","https://youtu.be/2EYA2kxtSDM?si=zqUP4Tg1aopsrwHs","0","Perhatikan ini Sebelum Anda Membeli BYD ATTO 1 | First Drive","comment",,"0"
"@yuhawbandung5655","Lampu depannya mirip Lamborghini","1208","https://youtu.be/2EYA2kxtSDM?si=zqUP4Tg1aopsrwHs","0","Perhatikan ini Sebelum Anda Membeli BYD ATTO 1 | First Drive","comment",,"0"
"@romanid5703","Awas om jangan pakai topeng bajak laut ntar jadi buronan pemerintah 😅","1208","https://youtu.be/2EYA2kxtSDM?si=zqUP4Tg1aopsrwHs","0","Perhatikan ini Sebelum Anda Membeli BYD ATTO 1 | First Drive","comment",,"0"
"@suhandisuhandi3657","Kelemahannya...... 
Wiper nya cungkring","1208","https://youtu.be/2EYA2kxtSDM?si=zqUP4Tg1aopsrwHs","0","Perhatikan ini Sebelum Anda Membeli BYD ATTO 1 | First Drive","comment",,"0"
"@indralubis6207","Kalo drmh gada buat charger batre hrus ngecas dmna yah KLO jakarta selatan?","1208","https://youtu.be/2EYA2kxtSDM?si=zqUP4Tg1aopsrwHs","1","Perhatikan ini Sebelum Anda Membeli BYD ATTO 1 | First Drive","comment",,"0"
"@DioAlbar-jn2ws","Byd tahun ini 5,5:juta unit padahal pabrik baru 20 tahun","1208","https://youtu.be/2EYA2kxtSDM?si=zqUP4Tg1aopsrwHs","0","Perhatikan ini Sebelum Anda Membeli BYD ATTO 1 | First Drive","comment",,"0"
"@DioAlbar-jn2ws","Kasihan Toyota global terkunci di 8,5 juta unit kurang lebih pertahun","1208","https://youtu.be/2EYA2kxtSDM?si=zqUP4Tg1aopsrwHs","0","Perhatikan ini Sebelum Anda Membeli BYD ATTO 1 | First Drive","comment",,"0"
"@omardave928","200jt
Electric seat
Auto headlamp
Tilt telescopic steering
Cruise control

Edan","1208","https://youtu.be/2EYA2kxtSDM?si=zqUP4Tg1aopsrwHs","0","Perhatikan ini Sebelum Anda Membeli BYD ATTO 1 | First Drive","comment",,"0"
"@mbahkarmin2641","jadi b chanel lama lama 😂","1208","https://youtu.be/2EYA2kxtSDM?si=zqUP4Tg1aopsrwHs","0","Perhatikan ini Sebelum Anda Membeli BYD ATTO 1 | First Drive","comment",,"0"
"@alziofauzanm4500","ini enaknya buat dalam kota kenyaa,

tpi klw di luar kota bnyak tanjakan ni mobil bisa bertenaga gaknyaa","1208","https://youtu.be/2EYA2kxtSDM?si=zqUP4Tg1aopsrwHs","0","Perhatikan ini Sebelum Anda Membeli BYD ATTO 1 | First Drive","comment",,"0"
"@SepatuRoda-h5f","berarti emang benar ya ⭐METROTPPOKER⭐ gampang menang","1208","https://youtu.be/2EYA2kxtSDM?si=zqUP4Tg1aopsrwHs","0","Perhatikan ini Sebelum Anda Membeli BYD ATTO 1 | First Drive","comment",,"1"
"@ferdiansyahsyafri9199","Yang merk Jetour dasboardnya lebih bagus om","1208","https://youtu.be/2EYA2kxtSDM?si=zqUP4Tg1aopsrwHs","0","Perhatikan ini Sebelum Anda Membeli BYD ATTO 1 | First Drive","comment",,"0"
"@KurkurEdo","Beli ah 1 mah yg warna merah klo ad mah","1208","https://youtu.be/2EYA2kxtSDM?si=zqUP4Tg1aopsrwHs","0","Perhatikan ini Sebelum Anda Membeli BYD ATTO 1 | First Drive","comment",,"0"
"@jimbongbet1907","iklan asuransi mobil","1208","https://youtu.be/2EYA2kxtSDM?si=zqUP4Tg1aopsrwHs","0","Perhatikan ini Sebelum Anda Membeli BYD ATTO 1 | First Drive","comment",,"0"
"@maryuriseptreziera8861","Waduh ini masalah klo beliin buat ortu. Mana bisa liat ke layar gitu. Dah kebiasaan manual semuanya. Buat anak muda ok lah pasti senang yg gituh.","1208","https://youtu.be/2EYA2kxtSDM?si=zqUP4Tg1aopsrwHs","0","Perhatikan ini Sebelum Anda Membeli BYD ATTO 1 | First Drive","comment",,"0"
"@yongkiprayogaaa","Oh iya lupa youtube premium","1208","https://youtu.be/2EYA2kxtSDM?si=zqUP4Tg1aopsrwHs","0","Perhatikan ini Sebelum Anda Membeli BYD ATTO 1 | First Drive","reply",,"0"
"@astasyaputri","bisa di spklu kak, dan walaupun tidak ada wall charger nanti dapet portable charger yang bisa langsung di colok ke stop kontak biasa","1208","https://youtu.be/2EYA2kxtSDM?si=zqUP4Tg1aopsrwHs","0","Perhatikan ini Sebelum Anda Membeli BYD ATTO 1 | First Drive","reply",,"0"
"@杰雄","8:52 pengalaman ya om?nego Jual yg lain wkt test drive 😅😅😅😅😅😅😅😅","1208","https://youtu.be/2EYA2kxtSDM?si=zqUP4Tg1aopsrwHs","0","Perhatikan ini Sebelum Anda Membeli BYD ATTO 1 | First Drive","comment",,"0"
"@profdarsana6103","Pembawa acara seperti ga percaya diri. Ngomong pake topeng topengan. Topeng nya tengkorak. Saya lihat pembawa acara ini berpikir duku apalah dia menyajikan informasi sesama tengkorak..? Atau sesama manusia  dan sangat ga tau mimik dan senyumanan orang apa benda ronot. Ga simpati pengajiaannya","1208","https://youtu.be/2EYA2kxtSDM?si=zqUP4Tg1aopsrwHs","1","Perhatikan ini Sebelum Anda Membeli BYD ATTO 1 | First Drive","comment",,"0"
"@JP.50JT_YUK69_Gac0R","jangka panjang itu kelemahannya om kecuali di 🏆𝘔𝘌𝘛𝘙𝘖𝘞𝘐𝘕88⚡","1208","https://youtu.be/2EYA2kxtSDM?si=zqUP4Tg1aopsrwHs","0","Perhatikan ini Sebelum Anda Membeli BYD ATTO 1 | First Drive","comment",,"0"
"@TH-lr8nb","Bisa murah karena pajak rendah.","1208","https://youtu.be/2EYA2kxtSDM?si=zqUP4Tg1aopsrwHs","0","Perhatikan ini Sebelum Anda Membeli BYD ATTO 1 | First Drive","comment",,"0"
"@bimatutorial6757","Thx byd sudah membuat pabrikan pelit overprice kalang kabut 😂","1208","https://youtu.be/2EYA2kxtSDM?si=zqUP4Tg1aopsrwHs","0","Perhatikan ini Sebelum Anda Membeli BYD ATTO 1 | First Drive","comment",,"0"
"@infomobilmurah6173","beli tahun depan aja. siapa tau 100 juta.","1208","https://youtu.be/2EYA2kxtSDM?si=zqUP4Tg1aopsrwHs","0","Perhatikan ini Sebelum Anda Membeli BYD ATTO 1 | First Drive","comment",,"0"
"@serbasemua7803","Yg mau liat komparasi Atto1 vs Bingo coba googling dg keyword  拆车实测篇——刚性与强度的降维打击:缤果、海鸥、零跑T03三车拆解拆 nanti klik link yg dr situs yiche dg judul vidio 拆车实测篇——刚性与强度的降维打击:缤果、海鸥、零跑T03三车拆解拆, Dalam komparasi fitur yg lebih unggul nantinya tulisannya di-highlight warna oranye","1208","https://youtu.be/2EYA2kxtSDM?si=zqUP4Tg1aopsrwHs","0","Perhatikan ini Sebelum Anda Membeli BYD ATTO 1 | First Drive","comment",,"0"
"@dirin.2810","Saja ga tuh😂","1208","https://youtu.be/2EYA2kxtSDM?si=zqUP4Tg1aopsrwHs","0","Perhatikan ini Sebelum Anda Membeli BYD ATTO 1 | First Drive","comment",,"0"
"@ekkysamuelagiantra","fix beli tahun depan uggu batch2 berikutnya pas udah ga banyak minus2nya","1208","https://youtu.be/2EYA2kxtSDM?si=zqUP4Tg1aopsrwHs","0","Perhatikan ini Sebelum Anda Membeli BYD ATTO 1 | First Drive","comment",,"0"
"@deny1983","Harga baterai berapa kalu mau ganti","1208","https://youtu.be/2EYA2kxtSDM?si=zqUP4Tg1aopsrwHs","0","Perhatikan ini Sebelum Anda Membeli BYD ATTO 1 | First Drive","comment",,"0"
"@bagasadi6387","Bagusnya Brio RS harga di bawah 150 JT,Honda coba lihat ini fitur dan dalam cabin mewah,jadi lihat Brio kaya harga 100 jtan","1208","https://youtu.be/2EYA2kxtSDM?si=zqUP4Tg1aopsrwHs","0","Perhatikan ini Sebelum Anda Membeli BYD ATTO 1 | First Drive","comment",,"0"
"@pdm12-rh1tg","Om pit itu di gas dalam dong. Biar ketahuan betotannya","1208","https://youtu.be/2EYA2kxtSDM?si=zqUP4Tg1aopsrwHs","0","Perhatikan ini Sebelum Anda Membeli BYD ATTO 1 | First Drive","comment",,"0"
"@tddarmaone2770","cek kolong mobilnya om, kynya ada yg info kopong gitu, mastiin aja","1208","https://youtu.be/2EYA2kxtSDM?si=zqUP4Tg1aopsrwHs","0","Perhatikan ini Sebelum Anda Membeli BYD ATTO 1 | First Drive","comment",,"0"
"@AlbertsBerts","Ditiap Chanel otomitive Toyota spam iklan 😂😂panik Kao bank haa","1208","https://youtu.be/2EYA2kxtSDM?si=zqUP4Tg1aopsrwHs","0","Perhatikan ini Sebelum Anda Membeli BYD ATTO 1 | First Drive","comment",,"0"
"@mancingperkoro1683","Coba bawa ke tanjakan sikarim Ama krakalan om 🤭","1208","https://youtu.be/2EYA2kxtSDM?si=zqUP4Tg1aopsrwHs","0","Perhatikan ini Sebelum Anda Membeli BYD ATTO 1 | First Drive","comment",,"0"
"@cipluxgendeng9558","#HERAN_????","1208","https://youtu.be/2EYA2kxtSDM?si=zqUP4Tg1aopsrwHs","0","Perhatikan ini Sebelum Anda Membeli BYD ATTO 1 | First Drive","comment",,"1"
"@koncomancing9746","Toyota raja diesel gak usah fokus mobil hybrid buat aja lcgc diesel rwd harga di bawah 200jt pasti laris parah😁👍","1208","https://youtu.be/2EYA2kxtSDM?si=zqUP4Tg1aopsrwHs","0","Perhatikan ini Sebelum Anda Membeli BYD ATTO 1 | First Drive","comment",,"2"
"@ruspiyati1454","Gacor nih min...... Siap ronda ambalat diambalat ni pesawat","1208","https://youtu.be/2EYA2kxtSDM?si=zqUP4Tg1aopsrwHs","0","Perhatikan ini Sebelum Anda Membeli BYD ATTO 1 | First Drive","comment",,"0"
